{"class_name": "Bidirectional", "config": {"name": "bidirectional_62", "trainable": true, "dtype": "float32", "layer": {"class_name": "GRU", "config": {"name": "gru_62", "trainable": true, "dtype": "float32", "return_sequences": false, "return_state": false, "go_backwards": false, "stateful": false, "unroll": false, "units": 64, "activation": "tanh", "recurrent_activation": "sigmoid", "use_bias": true, "kernel_initializer": {"class_name": "VarianceScaling", "config": {"scale": 1.0, "mode": "fan_avg", "distribution": "uniform", "seed": null}}, "recurrent_initializer": {"class_name": "Orthogonal", "config": {"gain": 1.0, "seed": null}}, "bias_initializer": {"class_name": "Zeros", "config": {}}, "kernel_regularizer": null, "recurrent_regularizer": null, "bias_regularizer": null, "activity_regularizer": null, "kernel_constraint": null, "recurrent_constraint": null, "bias_constraint": null, "dropout": 0.0, "recurrent_dropout": 0.0, "implementation": 2, "reset_after": false}}, "merge_mode": "concat"}}