{"class_name": "Conv1D", "config": {"name": "conv1d_13", "trainable": true, "dtype": "float32", "filters": 64, "kernel_size": [16], "strides": [1], "padding": "same", "data_format": "channels_last", "dilation_rate": [1], "activation": "relu", "use_bias": true, "kernel_initializer": {"class_name": "VarianceScaling", "config": {"scale": 1.0, "mode": "fan_avg", "distribution": "uniform", "seed": null}}, "bias_initializer": {"class_name": "Zeros", "config": {}}, "kernel_regularizer": null, "bias_regularizer": null, "activity_regularizer": null, "kernel_constraint": null, "bias_constraint": null}}